SNR,Accuracy
-20.0,0.09318181818181819
-18.0,0.09863636363636363
-16.0,0.09772727272727273
-14.0,0.12045454545454545
-12.0,0.16636363636363635
-10.0,0.24863636363636363
-8.0,0.3654545454545455
-6.0,0.5022727272727273
-4.0,0.6422727272727272
-2.0,0.7863636363636364
0.0,0.8577272727272728
2.0,0.8859090909090909
4.0,0.8881818181818182
6.0,0.91
8.0,0.895
10.0,0.8868181818181818
12.0,0.9186363636363636
14.0,0.8986363636363637
16.0,0.8968181818181818
18.0,0.894090909090909
